,Station,Features,Iteration,Persistence_Performance,Model_Performance
0,Natural Energy Laboratory of Hawaii Authority,GHI_Only,0,120.73134275356679,114.38533008405041
1,Natural Energy Laboratory of Hawaii Authority,GHI_Harmonics,0,120.73134275356679,94.48375649484376
2,Natural Energy Laboratory of Hawaii Authority,GHI_Harmonics_Weather,0,120.73134275356679,95.83090177899886
3,Seattle Washington,GHI_Only,0,126.50780995284347,123.31385737570386
4,Seattle Washington,GHI_Harmonics,0,126.50780995284347,96.38947966554416
5,Hanford California,GHI_Only,0,89.76451374195842,134.59375789577012
6,Hanford California,GHI_Harmonics,0,89.76451374195842,131.6199926613322
7,Salt Lake City Utah,GHI_Only,0,134.62076202695476,107.72897277444414
8,Salt Lake City Utah,GHI_Harmonics,0,134.62076202695476,102.87141324382469
9,Table Mountain Boulder CO,GHI_Only,0,137.0873771583196,128.64648326118848
10,Table Mountain Boulder CO,GHI_Harmonics,0,137.0873771583196,107.7519422821882
11,Table Mountain Boulder CO,GHI_Harmonics_Weather,0,137.0873771583196,106.51476043448142
12,Goodwin Creek MS,GHI_Only,0,169.93180195480957,173.05683409341563
13,Goodwin Creek MS,GHI_Harmonics,0,169.93180195480957,131.378251765432
14,Goodwin Creek MS,GHI_Harmonics_Weather,0,169.93180195480957,126.4014065630913
15,Bondville IL,GHI_Only,0,147.90306228498866,129.73205763930122
16,Bondville IL,GHI_Harmonics,0,147.90306228498866,110.89071000863396
17,Bondville IL,GHI_Harmonics_Weather,0,147.90306228498866,113.79058490138104
18,Titusville FL,GHI_Only,0,133.73718206599725,125.20724400846119
19,Titusville FL,GHI_Harmonics,0,133.73718206599725,101.31529017132279
20,Titusville FL,GHI_Harmonics_Weather,0,133.73718206599725,103.06503966608457
21,Sterling Virginia,GHI_Only,0,156.91368262664338,160.81437231672632
22,Sterling Virginia,GHI_Harmonics,0,156.91368262664338,114.22414316003938
23,Millbrook NY,GHI_Only,0,145.21336108923205,115.15723338629216
24,Millbrook NY,GHI_Harmonics,0,145.21336108923205,109.02114296018766
25,Millbrook NY,GHI_Harmonics_Weather,0,145.21336108923205,114.19512792171071
26,Natural Energy Laboratory of Hawaii Authority,GHI_Only,1,120.73134275356679,153.71197389497038
27,Natural Energy Laboratory of Hawaii Authority,GHI_Harmonics,1,120.73134275356679,94.07034517485921
28,Natural Energy Laboratory of Hawaii Authority,GHI_Harmonics_Weather,1,120.73134275356679,94.9603785056778
29,Seattle Washington,GHI_Only,1,126.50780995284347,122.2990191477045
30,Seattle Washington,GHI_Harmonics,1,126.50780995284347,95.23825600537239
31,Hanford California,GHI_Only,1,89.76451374195842,109.87441799732578
32,Hanford California,GHI_Harmonics,1,89.76451374195842,108.2869453271775
33,Salt Lake City Utah,GHI_Only,1,134.62076202695476,107.18898979540191
34,Salt Lake City Utah,GHI_Harmonics,1,134.62076202695476,103.70122299618471
35,Table Mountain Boulder CO,GHI_Only,1,137.0873771583196,111.79111982720731
36,Table Mountain Boulder CO,GHI_Harmonics,1,137.0873771583196,107.0112487201437
37,Table Mountain Boulder CO,GHI_Harmonics_Weather,1,137.0873771583196,106.29390319949928
38,Goodwin Creek MS,GHI_Only,1,169.93180195480957,137.9806033970128
39,Goodwin Creek MS,GHI_Harmonics,1,169.93180195480957,130.18560301510738
40,Goodwin Creek MS,GHI_Harmonics_Weather,1,169.93180195480957,126.1770372133966
41,Bondville IL,GHI_Only,1,147.90306228498866,115.70265988319258
42,Bondville IL,GHI_Harmonics,1,147.90306228498866,113.05335883868815
43,Bondville IL,GHI_Harmonics_Weather,1,147.90306228498866,110.39108126666422
44,Titusville FL,GHI_Only,1,133.73718206599725,108.48029410832935
45,Titusville FL,GHI_Harmonics,1,133.73718206599725,102.44901050607089
46,Titusville FL,GHI_Harmonics_Weather,1,133.73718206599725,103.30242499764041
47,Sterling Virginia,GHI_Only,1,156.91368262664338,118.75095843227243
48,Sterling Virginia,GHI_Harmonics,1,156.91368262664338,114.53594972871394
49,Millbrook NY,GHI_Only,1,145.21336108923205,133.64624897711752
50,Millbrook NY,GHI_Harmonics,1,145.21336108923205,108.65112792611147
51,Millbrook NY,GHI_Harmonics_Weather,1,145.21336108923205,124.48485686449692
52,Natural Energy Laboratory of Hawaii Authority,GHI_Only,2,120.73134275356679,105.9323180414472
53,Natural Energy Laboratory of Hawaii Authority,GHI_Harmonics,2,120.73134275356679,94.59794450174775
54,Natural Energy Laboratory of Hawaii Authority,GHI_Harmonics_Weather,2,120.73134275356679,95.85489720777693
55,Seattle Washington,GHI_Only,2,126.50780995284347,121.68049899710665
56,Seattle Washington,GHI_Harmonics,2,126.50780995284347,96.3882638008779
57,Hanford California,GHI_Only,2,89.76451374195842,111.33049094568582
58,Hanford California,GHI_Harmonics,2,89.76451374195842,76.96857798557257
59,Salt Lake City Utah,GHI_Only,2,134.62076202695476,109.36633447664327
60,Salt Lake City Utah,GHI_Harmonics,2,134.62076202695476,101.9116300683181
61,Table Mountain Boulder CO,GHI_Only,2,137.0873771583196,111.54086882898623
62,Table Mountain Boulder CO,GHI_Harmonics,2,137.0873771583196,106.330906465179
63,Table Mountain Boulder CO,GHI_Harmonics_Weather,2,137.0873771583196,106.15096975541525
64,Goodwin Creek MS,GHI_Only,2,169.93180195480957,150.32284665691012
65,Goodwin Creek MS,GHI_Harmonics,2,169.93180195480957,128.25673979972214
66,Goodwin Creek MS,GHI_Harmonics_Weather,2,169.93180195480957,128.22003168697347
67,Bondville IL,GHI_Only,2,147.90306228498866,120.7747971664051
68,Bondville IL,GHI_Harmonics,2,147.90306228498866,124.72460910002937
69,Bondville IL,GHI_Harmonics_Weather,2,147.90306228498866,111.37826687797505
70,Titusville FL,GHI_Only,2,133.73718206599725,124.09487611956882
71,Titusville FL,GHI_Harmonics,2,133.73718206599725,103.3784646869421
72,Titusville FL,GHI_Harmonics_Weather,2,133.73718206599725,103.2997566612388
73,Sterling Virginia,GHI_Only,2,156.91368262664338,133.51313483683808
74,Sterling Virginia,GHI_Harmonics,2,156.91368262664338,116.51017574846493
75,Millbrook NY,GHI_Only,2,145.21336108923205,133.8581477673579
76,Millbrook NY,GHI_Harmonics,2,145.21336108923205,110.51631320138414
77,Millbrook NY,GHI_Harmonics_Weather,2,145.21336108923205,109.38816754482826
78,Natural Energy Laboratory of Hawaii Authority,GHI_Only,3,120.73134275356679,102.757679765248
79,Natural Energy Laboratory of Hawaii Authority,GHI_Harmonics,3,120.73134275356679,93.58788185610462
80,Natural Energy Laboratory of Hawaii Authority,GHI_Harmonics_Weather,3,120.73134275356679,96.89044407201399
81,Seattle Washington,GHI_Only,3,126.50780995284347,121.56572093456161
82,Seattle Washington,GHI_Harmonics,3,126.50780995284347,97.14127986214085
83,Hanford California,GHI_Only,3,89.76451374195842,154.03578606026164
84,Hanford California,GHI_Harmonics,3,89.76451374195842,108.35034416984546
85,Salt Lake City Utah,GHI_Only,3,134.62076202695476,128.602272753221
86,Salt Lake City Utah,GHI_Harmonics,3,134.62076202695476,139.26229678566628
87,Table Mountain Boulder CO,GHI_Only,3,137.0873771583196,130.55118540948783
88,Table Mountain Boulder CO,GHI_Harmonics,3,137.0873771583196,107.29554375946384
89,Table Mountain Boulder CO,GHI_Harmonics_Weather,3,137.0873771583196,107.16578346174224
90,Goodwin Creek MS,GHI_Only,3,169.93180195480957,139.10779474772428
91,Goodwin Creek MS,GHI_Harmonics,3,169.93180195480957,128.15448063030914
92,Goodwin Creek MS,GHI_Harmonics_Weather,3,169.93180195480957,127.18895465044366
93,Bondville IL,GHI_Only,3,147.90306228498866,143.05192909153186
94,Bondville IL,GHI_Harmonics,3,147.90306228498866,111.88996925940754
95,Bondville IL,GHI_Harmonics_Weather,3,147.90306228498866,111.0823979430393
96,Titusville FL,GHI_Only,3,133.73718206599725,140.89875143726508
97,Titusville FL,GHI_Harmonics,3,133.73718206599725,102.95910856111831
98,Titusville FL,GHI_Harmonics_Weather,3,133.73718206599725,102.51775852142275
99,Sterling Virginia,GHI_Only,3,156.91368262664338,133.66985563055295
100,Sterling Virginia,GHI_Harmonics,3,156.91368262664338,115.0763353173855
101,Millbrook NY,GHI_Only,3,145.21336108923205,110.44913103560707
102,Millbrook NY,GHI_Harmonics,3,145.21336108923205,108.49930764405465
103,Millbrook NY,GHI_Harmonics_Weather,3,145.21336108923205,111.42286233175146
104,Natural Energy Laboratory of Hawaii Authority,GHI_Only,4,120.73134275356679,130.90421627911167
105,Natural Energy Laboratory of Hawaii Authority,GHI_Harmonics,4,120.73134275356679,95.20739854026266
106,Natural Energy Laboratory of Hawaii Authority,GHI_Harmonics_Weather,4,120.73134275356679,93.97166539640764
107,Seattle Washington,GHI_Only,4,126.50780995284347,98.83685712584574
108,Seattle Washington,GHI_Harmonics,4,126.50780995284347,110.22540969752346
109,Hanford California,GHI_Only,4,89.76451374195842,79.79113904583447
110,Hanford California,GHI_Harmonics,4,89.76451374195842,109.1885903771729
111,Salt Lake City Utah,GHI_Only,4,134.62076202695476,142.0639088144088
112,Salt Lake City Utah,GHI_Harmonics,4,134.62076202695476,122.0454094170524
113,Table Mountain Boulder CO,GHI_Only,4,137.0873771583196,110.17728303791543
114,Table Mountain Boulder CO,GHI_Harmonics,4,137.0873771583196,124.16023030879532
115,Table Mountain Boulder CO,GHI_Harmonics_Weather,4,137.0873771583196,106.80696572715375
116,Goodwin Creek MS,GHI_Only,4,169.93180195480957,150.66269793436797
117,Goodwin Creek MS,GHI_Harmonics,4,169.93180195480957,127.67391846011675
118,Goodwin Creek MS,GHI_Harmonics_Weather,4,169.93180195480957,126.75859158388634
119,Bondville IL,GHI_Only,4,147.90306228498866,152.54835328750377
120,Bondville IL,GHI_Harmonics,4,147.90306228498866,112.98000508873335
121,Bondville IL,GHI_Harmonics_Weather,4,147.90306228498866,140.1643784484141
122,Titusville FL,GHI_Only,4,133.73718206599725,106.98436743503257
123,Titusville FL,GHI_Harmonics,4,133.73718206599725,101.5213201421614
124,Titusville FL,GHI_Harmonics_Weather,4,133.73718206599725,104.43883548129979
125,Sterling Virginia,GHI_Only,4,156.91368262664338,118.59306717465493
126,Sterling Virginia,GHI_Harmonics,4,156.91368262664338,129.2403805635828
127,Millbrook NY,GHI_Only,4,145.21336108923205,114.08194239011641
128,Millbrook NY,GHI_Harmonics,4,145.21336108923205,107.60231984585924
129,Millbrook NY,GHI_Harmonics_Weather,4,145.21336108923205,111.8234394360553
